[  {    "type": "get",    "url": "/master?type={type}",    "title": "Get Master by Type",    "group": "Master",    "description": "<p>Mengambil data master berdasarkan kategori</p>",    "parameter": {      "fields": {        "Parameter": [          {            "group": "Parameter",            "type": "String",            "optional": false,            "field": "type",            "description": "<p>Type yang tersedia yaitu <code>religion</code>, <code>martial_status</code>, <code>gender</code>, <code>nationality</code>, dan <code>city</code></p>"          }        ]      }    },    "permission": [      {        "name": "USER"      }    ],    "header": {      "fields": {        "Header": [          {            "group": "Header",            "type": "String",            "optional": false,            "field": "Authorization",            "description": "<p>Token hasil generate dari Sign In ditambahkan di header</p>"          }        ]      },      "examples": [        {          "title": "Contoh Token Header",          "content": "{\n    \"Authorization\" : \"B3CDB813C735BF6D93ED713E1E94D351EF43213A382EB43C64A677F7D43BB0FC\"\n}",          "type": "json"        }      ]    },    "success": {      "fields": {        "Success 200": [          {            "group": "Success 200",            "type": "int",            "optional": false,            "field": "id",            "description": ""          },          {            "group": "Success 200",            "type": "String",            "optional": false,            "field": "name",            "description": ""          }        ]      }    },    "examples": [      {        "title": "Contoh Response dengan Type = martial_status",        "content": "{\n    data : [\n         {\n             \"id\" : 1,\n             \"name\" : \"Single\"\n         },\n         {\n             \"id\" : 2,\n             \"name\" : \"Married\"\n         },\n\n    ],\n    message : null\n}",        "type": "json"      }    ],    "version": "0.0.0",    "filename": "java/id/co/icg/lw/controllers/api/MasterApiController.java",    "groupTitle": "Master",    "name": "GetMasterTypeType"  },  {    "type": "post",    "url": "/user/registration/member",    "title": "Member Registration",    "name": "Member_Registration",    "group": "Member",    "permission": [      {        "name": "USER"      }    ],    "description": "<p>Daftar untuk menjadi member living world</p>",    "parameter": {      "fields": {        "Parameter": [          {            "group": "Parameter",            "type": "String",            "optional": false,            "field": "cardNumber",            "description": ""          },          {            "group": "Parameter",            "type": "String",            "optional": false,            "field": "password",            "description": ""          }        ]      }    },    "success": {      "fields": {        "Success 200": [          {            "group": "Success 200",            "type": "String",            "optional": false,            "field": "fullName",            "description": ""          },          {            "group": "Success 200",            "type": "String",            "optional": false,            "field": "ktpNo",            "description": ""          },          {            "group": "Success 200",            "type": "int",            "optional": false,            "field": "gender",            "description": "<p><code>1</code> Male; <code>2</code> Female; <code>3</code> Other</p>"          },          {            "group": "Success 200",            "type": "int",            "optional": false,            "field": "martialStatus",            "description": "<p><code>1</code> Single; <code>2</code> Married; <code>3</code> Other</p>"          },          {            "group": "Success 200",            "type": "Date",            "optional": false,            "field": "dateOfBirth",            "description": "<p>YYYY-MM-DD</p>"          },          {            "group": "Success 200",            "type": "int",            "optional": false,            "field": "nationality",            "description": "<p><code>1</code> Indonesian; <code>2</code> Other</p>"          },          {            "group": "Success 200",            "type": "String",            "optional": false,            "field": "address",            "description": ""          },          {            "group": "Success 200",            "type": "int",            "optional": false,            "field": "city",            "description": "<p><code>1</code> Jakarta; <code>2</code> Other</p>"          },          {            "group": "Success 200",            "type": "String",            "optional": false,            "field": "zipCode",            "description": ""          },          {            "group": "Success 200",            "type": "String",            "optional": false,            "field": "homeNumber",            "description": ""          }        ]      }    },    "header": {      "fields": {        "Header": [          {            "group": "Header",            "type": "String",            "optional": false,            "field": "Authorization",            "description": "<p>Token hasil generate dari Sign In ditambahkan di header</p>"          }        ]      },      "examples": [        {          "title": "Contoh Token Header",          "content": "{\n    \"Authorization\" : \"B3CDB813C735BF6D93ED713E1E94D351EF43213A382EB43C64A677F7D43BB0FC\"\n}",          "type": "json"        }      ]    },    "examples": [      {        "title": "Request",        "content": "{\n\n  \"fullName\" : \"Budi\",\n  \"ktpNo\" : \"132131231231\",\n  \"gender\" : 1,\n  \"martialStatus\" : 1,\n  \"dateOfBirth\" : \"1920-01-31\",\n  \"nationality\" : 1,\n  \"address\" : \"Jl. Jendral Sudirman No 16 Kota Bogor\",\n  \"city\" : 2,\n  \"zipCode\" : 16911,\n  \"homeNumber\" : \"(0251) 7571231\"\n\n}",        "type": "json"      },      {        "title": "Response Berhasil",        "content": "{\n    data: true,\n    message: \"Success\"\n}",        "type": "json"      },      {        "title": "Response Gagal",        "content": "{\n     data: false,\n     message: \"Invalid Token\"\n}",        "type": "json"      }    ],    "version": "0.0.0",    "filename": "java/id/co/icg/lw/controllers/api/MemberApiController.java",    "groupTitle": "Member"  },  {    "type": "get",    "url": "/merchant",    "title": "Get Merchant",    "name": "Get_Merchant",    "description": "<p>Mengambil merchant yang tersedia secara alfabetis</p>",    "group": "Merchant",    "permission": [      {        "name": "USER"      }    ],    "header": {      "fields": {        "Header": [          {            "group": "Header",            "type": "String",            "optional": false,            "field": "Authorization",            "description": "<p>Token hasil generate dari Sign In ditambahkan di header</p>"          }        ]      },      "examples": [        {          "title": "Contoh Token Header",          "content": "{\n    \"Authorization\" : \"B3CDB813C735BF6D93ED713E1E94D351EF43213A382EB43C64A677F7D43BB0FC\"\n}",          "type": "json"        }      ]    },    "examples": [      {        "title": "Response",        "content": "{\n    data : [\n         {\n             \"merchantCategoryId\" : \"10\",\n             \"merchantCategoryName\" : \"Beauty, Wellness, & Sports\",\n             \"merchantList\" : [\n                 {\n                     \"merchantId\" : 291,\n                     \"merchantName\" : \"Celebrity Fitness\",\n                     \"merchantLogo\" : \"/merchant/logo/celebrity_fitness.jpg\"\n                 }\n                 {\n                     \"merchantId\" : 10,\n                     \"merchantName\" : \"Natasha Care\",\n                     \"merchantLogo\" : \"/merchant/logo/natasha_care.jpg\"\n                 },\n\n             ]\n         },\n         {\n             \"merchantCategoryId\" : \"2\",\n             \"merchantCategoryName\" : \"Food & Beverages\",\n             \"merchantList\" : [\n                 {\n                     \"merchantId\" : 5,\n                     \"merchantName\" : \"JCO\",\n                     \"merchantLogo\" : \"/merchant/logo/jco.jpg\"\n                 },\n                 {\n                     \"merchantId\" : 4,\n                     \"merchantName\" : \"Pizza Hut\",\n                     \"merchantLogo\" : \"/merchant/logo/pizza_hut.jpg\"\n                 }\n             ]\n         },\n\n    ],\n    message : null\n}",        "type": "json"      }    ],    "success": {      "fields": {        "Success 200": [          {            "group": "Success 200",            "type": "String",            "optional": false,            "field": "merchantCategoryId",            "description": ""          },          {            "group": "Success 200",            "type": "String",            "optional": false,            "field": "merchantCategoryName",            "description": ""          },          {            "group": "Success 200",            "type": "Array",            "optional": false,            "field": "merchantList",            "description": "<p>Daftar merchant yang masuk ke dalam kaegory merchantCategoryId</p>"          },          {            "group": "Success 200",            "type": "int",            "optional": false,            "field": "merchantId",            "description": ""          },          {            "group": "Success 200",            "type": "String",            "optional": false,            "field": "merchantName",            "description": ""          },          {            "group": "Success 200",            "type": "String",            "optional": false,            "field": "merchantLogo",            "description": ""          }        ]      }    },    "version": "0.0.0",    "filename": "java/id/co/icg/lw/controllers/api/MerchantApiController.java",    "groupTitle": "Merchant"  },  {    "type": "get",    "url": "/merchant/{merchantId}/detail/",    "title": "Get Merchant Detail by merchantId",    "name": "Get_Merchant_Detail_by_MerchantId",    "description": "<p>Mengambil informasi merchant berdasarkan merchantId</p>",    "group": "Merchant",    "permission": [      {        "name": "USER"      }    ],    "header": {      "fields": {        "Header": [          {            "group": "Header",            "type": "String",            "optional": false,            "field": "Authorization",            "description": "<p>Token hasil generate dari Sign In ditambahkan di header</p>"          }        ]      },      "examples": [        {          "title": "Contoh Token Header",          "content": "{\n    \"Authorization\" : \"B3CDB813C735BF6D93ED713E1E94D351EF43213A382EB43C64A677F7D43BB0FC\"\n}",          "type": "json"        }      ]    },    "examples": [      {        "title": "Response",        "content": "{\n    data : {\n      \"merchantId\" : \"5\",\n      \"merchantName\" : \"JCO\",\n      \"merchantImage\" : \"/merchant/images/jco.jpg\",\n      \"merchantPhone\": \"021 - 41231231\",\n      \"merchantDescription\" : \"Lorem Ipsum\",\n      \"merchantOfficeHour\" : [\n          {\n             \"day\" : 1,\n             \"open\" : \"10:00:00\",\n             \"close\" : \"21:00:00\"\n          },\n          {\n             \"day\" : 2,\n             \"open\" : \"10:00:00\",\n             \"close\" : \"21:00:00\"\n          },\n          {\n             \"day\" : 7,\n             \"open\" : \"closed\",\n             \"close\" : \"closed\"\n          },\n\n\n      ]\n\n\n   },\n    message : null\n}",        "type": "json"      }    ],    "success": {      "fields": {        "Success 200": [          {            "group": "Success 200",            "type": "String",            "optional": false,            "field": "merchantId",            "description": ""          },          {            "group": "Success 200",            "type": "String",            "optional": false,            "field": "merchantName",            "description": ""          },          {            "group": "Success 200",            "type": "String",            "optional": false,            "field": "merchantImage",            "description": ""          },          {            "group": "Success 200",            "type": "String",            "optional": false,            "field": "merchantPhone",            "description": ""          },          {            "group": "Success 200",            "type": "String",            "optional": false,            "field": "merchantDescription",            "description": ""          },          {            "group": "Success 200",            "type": "Array",            "optional": false,            "field": "merchantOfficeHour",            "description": ""          },          {            "group": "Success 200",            "type": "Array",            "optional": false,            "field": "merchantList",            "description": "<p>Daftar merchant yang masuk ke dalam kaegory merchantCategoryId</p>"          },          {            "group": "Success 200",            "type": "int",            "optional": false,            "field": "day",            "description": "<p>Hari dengan ketentuan Senin = 1, Selasa = 2, Rabu = 3, Kamis = 4, Juma'at = 5, Sabtu = 6, dan Minggu  = 7</p>"          },          {            "group": "Success 200",            "type": "String",            "optional": false,            "field": "open",            "description": "<p>Jam buka</p>"          },          {            "group": "Success 200",            "type": "String",            "optional": false,            "field": "close",            "description": "<p>Jam tutup</p>"          }        ]      }    },    "version": "0.0.0",    "filename": "java/id/co/icg/lw/controllers/api/MerchantApiController.java",    "groupTitle": "Merchant"  },  {    "type": "get",    "url": "/message/contact-us",    "title": "Contact Us",    "name": "Contact_Us",    "description": "<p>Menerima pesan dari user</p>",    "group": "Message",    "parameter": {      "fields": {        "Parameter": [          {            "group": "Parameter",            "type": "String",            "optional": false,            "field": "fullName",            "description": ""          },          {            "group": "Parameter",            "type": "String",            "optional": false,            "field": "email",            "description": ""          },          {            "group": "Parameter",            "type": "String",            "optional": false,            "field": "comment",            "description": ""          }        ]      }    },    "permission": [      {        "name": "USER"      }    ],    "header": {      "fields": {        "Header": [          {            "group": "Header",            "type": "String",            "optional": false,            "field": "Authorization",            "description": "<p>Token hasil generate dari Sign In ditambahkan di header</p>"          }        ]      },      "examples": [        {          "title": "Contoh Token Header",          "content": "{\n    \"Authorization\" : \"B3CDB813C735BF6D93ED713E1E94D351EF43213A382EB43C64A677F7D43BB0FC\"\n}",          "type": "json"        }      ]    },    "examples": [      {        "title": "Request",        "content": "{\n    \"fullName\" : \"Bambang\",\n    \"email\" : \"bambang@mail.com\",\n    \"message\" : \"Isi pesan yang akan diterima\"\n}",        "type": "json"      },      {        "title": "Response Berhasil",        "content": "{\n  data: true,\n  message: null\n}",        "type": "json"      },      {        "title": "Response Gagal",        "content": "{\n  data: false,\n  message: \"Your message is invalid\"\n}",        "type": "json"      }    ],    "version": "0.0.0",    "filename": "java/id/co/icg/lw/controllers/api/MessageApiController.java",    "groupTitle": "Message"  },  {    "type": "get",    "url": "/message/{page}/page",    "title": "Get Message By User",    "name": "Get_Message_By_User",    "description": "<p>Mengambil message yang terkirim kepada client per page. Satu page terdapat 10 messages. Pesan akan diurutkan berdasarkan tanggal secara descending</p>",    "group": "Message",    "parameter": {      "fields": {        "Parameter": [          {            "group": "Parameter",            "type": "int",            "optional": false,            "field": "page",            "description": "<p>Minimal nilai page = 1</p>"          }        ]      }    },    "permission": [      {        "name": "USER"      }    ],    "header": {      "fields": {        "Header": [          {            "group": "Header",            "type": "String",            "optional": false,            "field": "Authorization",            "description": "<p>Token hasil generate dari Sign In ditambahkan di header</p>"          }        ]      },      "examples": [        {          "title": "Contoh Token Header",          "content": "{\n    \"Authorization\" : \"B3CDB813C735BF6D93ED713E1E94D351EF43213A382EB43C64A677F7D43BB0FC\"\n}",          "type": "json"        }      ]    },    "examples": [      {        "title": "Response",        "content": "{\n    data : [\n         {\n             \"title\" : \"Lorem Ipsum\",\n             \"message\" : \"Isi pesan yang akan diterima\",\n             \"date\" : \"2018-01-31\"\n         },\n         {\n             \"title\" : \"Lorem Ipsum\",\n             \"message\" : \"Isi pesan yang akan diterima\",\n             \"date\" : \"2018-01-15\"\n         },\n\n    ],\n    message : null\n}",        "type": "json"      }    ],    "success": {      "fields": {        "Success 200": [          {            "group": "Success 200",            "type": "String",            "optional": false,            "field": "title",            "description": ""          },          {            "group": "Success 200",            "type": "String",            "optional": false,            "field": "message",            "description": ""          },          {            "group": "Success 200",            "type": "Date",            "optional": false,            "field": "date",            "description": "<p>YYYY-MM-DD</p>"          }        ]      }    },    "version": "0.0.0",    "filename": "java/id/co/icg/lw/controllers/api/MessageApiController.java",    "groupTitle": "Message"  },  {    "type": "post",    "url": "/user/check/card-number",    "title": "Check Card Number",    "name": "Check_Card_Number",    "group": "User",    "permission": [      {        "name": "none"      }    ],    "description": "<p>Memeriksa status kartu: Sudah terdaftar, belum terdaftar, invalid number.</p>",    "parameter": {      "fields": {        "Parameter": [          {            "group": "Parameter",            "type": "String",            "optional": false,            "field": "cardNumber",            "description": "<p>Disimpan di dalam body post sebagai text</p>"          }        ]      }    },    "success": {      "fields": {        "Success 200": [          {            "group": "Success 200",            "type": "int",            "optional": false,            "field": "data",            "description": "<p>Nilai <code>1</code> untuk terdaftar. Nilai <code>0</code> belum terdaftar. Nilai <code>-1</code> invalid number</p>"          },          {            "group": "Success 200",            "type": "String",            "optional": false,            "field": "message",            "description": ""          }        ]      }    },    "examples": [      {        "title": "Contoh Body Request",        "content": "883123121231",        "type": "body"      },      {        "title": "Response Kartu Terdaftar",        "content": "{\n     data: 1,\n     message: null\n}",        "type": "json"      },      {        "title": "Response Kartu Belum Terdaftar",        "content": "{\n     data: 0,\n     message: null\n}",        "type": "json"      },      {        "title": "Response Invalid Number",        "content": "{\n     data: -1,\n     message: null\n}",        "type": "json"      }    ],    "version": "0.0.0",    "filename": "java/id/co/icg/lw/controllers/api/UserApiController.java",    "groupTitle": "User"  },  {    "type": "put",    "url": "/user/edit",    "title": "Edit User",    "name": "Edit_User",    "group": "User",    "permission": [      {        "name": "none"      }    ],    "header": {      "fields": {        "Header": [          {            "group": "Header",            "type": "String",            "optional": false,            "field": "Authorization",            "description": "<p>Jika registrasi berhasil, maka akan dibuatkan token yang akan disimpan di header response. Token ini digunakan sebagai authentication key untuk mengakses beberapa api.</p>"          }        ]      },      "examples": [        {          "title": "Contoh Response Header",          "content": "{\n    \"Authorization\" : \"B3CDB813C735BF6D93ED713E1E94D351EF43213A382EB43C64A677F7D43BB0FC\"\n}",          "type": "json"        }      ]    },    "parameter": {      "fields": {        "Parameter": [          {            "group": "Parameter",            "type": "String",            "optional": false,            "field": "fullName",            "description": ""          },          {            "group": "Parameter",            "type": "String",            "optional": false,            "field": "email",            "description": ""          },          {            "group": "Parameter",            "type": "String",            "optional": false,            "field": "pin",            "description": ""          },          {            "group": "Parameter",            "type": "String",            "optional": false,            "field": "pinConfirmation",            "description": ""          },          {            "group": "Parameter",            "type": "String",            "optional": false,            "field": "phoneNumber",            "description": ""          },          {            "group": "Parameter",            "type": "int",            "optional": false,            "field": "securityQuestion",            "description": ""          },          {            "group": "Parameter",            "type": "String",            "optional": false,            "field": "securityAnswer",            "description": ""          }        ]      }    },    "examples": [      {        "title": "Request",        "content": "{\n    'fullName' : 'Lorem Ipsum',\n    'email' : 'mail@mail.com',\n    'pin' : '123456'\n    'pinConfirmation' : '123456',\n    'securityQuestion' : 1,\n    'securityAnswer' : 'Arsenal'\n}",        "type": "json"      },      {        "title": "Response Berhasil",        "content": "{\n     data: true,\n     message: null\n}",        "type": "json"      },      {        "title": "Response Gagal",        "content": "{\n     data: false,\n     message: \"Pin and comfirmation pin is not match\"\n}",        "type": "json"      }    ],    "version": "0.0.0",    "filename": "java/id/co/icg/lw/controllers/api/UserApiController.java",    "groupTitle": "User"  },  {    "type": "post",    "url": "/user/payment/registration",    "title": "Payment Registration",    "name": "Registration",    "group": "User",    "permission": [      {        "name": "CLIENT"      }    ],    "header": {      "fields": {        "Header": [          {            "group": "Header",            "type": "String",            "optional": false,            "field": "Authorization",            "description": "<p>Token hasil generate dari Sign In ditambahkan di header</p>"          }        ]      },      "examples": [        {          "title": "Contoh Token Header",          "content": "{\n    \"Token\" : \"B3CDB813C735BF6D93ED713E1E94D351EF43213A382EB43C64A677F7D43BB0FC\"\n}",          "type": "json"        }      ]    },    "parameter": {      "fields": {        "Parameter": [          {            "group": "Parameter",            "type": "String",            "optional": false,            "field": "fullName",            "description": ""          },          {            "group": "Parameter",            "type": "String",            "optional": false,            "field": "email",            "description": ""          },          {            "group": "Parameter",            "type": "String",            "optional": false,            "field": "pin",            "description": ""          },          {            "group": "Parameter",            "type": "String",            "optional": false,            "field": "pinConfirmation",            "description": ""          },          {            "group": "Parameter",            "type": "String",            "optional": false,            "field": "phoneNumber",            "description": ""          },          {            "group": "Parameter",            "type": "int",            "optional": false,            "field": "securityQuestion",            "description": ""          },          {            "group": "Parameter",            "type": "String",            "optional": false,            "field": "securityAnswer",            "description": ""          }        ]      }    },    "examples": [      {        "title": "Request",        "content": "{\n    'fullName' : 'Lorem Ipsum',\n    'email' : 'mail@mail.com',\n    'pin' : '123456'\n    'pinConfirmation' : '123456',\n    'securityQuestion' : 1,\n    'securityAnswer' : 'Arsenal'\n}",        "type": "json"      },      {        "title": "Response Berhasil",        "content": "{\n     data: true,\n     message: null\n}",        "type": "json"      },      {        "title": "Response Gagal",        "content": "{\n     data: false,\n     message: \"Pin and comfirmation pin is not match\"\n}",        "type": "json"      }    ],    "version": "0.0.0",    "filename": "java/id/co/icg/lw/controllers/api/UserApiController.java",    "groupTitle": "User"  },  {    "type": "post",    "url": "/user/sign-in",    "title": "Sign In",    "name": "Sign_In",    "group": "User",    "permission": [      {        "name": "none"      }    ],    "description": "<p>Meminta token dan informasi user berdasarkan nomor kartu</p>",    "parameter": {      "fields": {        "Parameter": [          {            "group": "Parameter",            "type": "String",            "optional": false,            "field": "cardNumber",            "description": ""          },          {            "group": "Parameter",            "type": "String",            "optional": false,            "field": "password",            "description": ""          }        ]      }    },    "success": {      "fields": {        "Success 200": [          {            "group": "Success 200",            "type": "String",            "optional": false,            "field": "fullName",            "description": ""          },          {            "group": "Success 200",            "type": "String",            "optional": false,            "field": "email",            "description": ""          },          {            "group": "Success 200",            "type": "String",            "optional": false,            "field": "mobileNumber",            "description": ""          },          {            "group": "Success 200",            "type": "int",            "optional": false,            "field": "gender",            "description": "<p><code>1</code> Male; <code>2</code> Female; <code>3</code> Other</p>"          },          {            "group": "Success 200",            "type": "int",            "optional": false,            "field": "martialStatus",            "description": "<p><code>1</code> Single; <code>2</code> Married; <code>3</code> Other</p>"          },          {            "group": "Success 200",            "type": "Date",            "optional": false,            "field": "dateOfBirth",            "description": "<p>YYYY-MM-DD</p>"          },          {            "group": "Success 200",            "type": "int",            "optional": false,            "field": "nationality",            "description": "<p><code>1</code> Indonesian; <code>2</code> Other</p>"          },          {            "group": "Success 200",            "type": "String",            "optional": false,            "field": "address",            "description": ""          },          {            "group": "Success 200",            "type": "int",            "optional": false,            "field": "city",            "description": "<p><code>1</code> Jakarta; <code>2</code> Other</p>"          },          {            "group": "Success 200",            "type": "String",            "optional": false,            "field": "zipCode",            "description": ""          },          {            "group": "Success 200",            "type": "String",            "optional": false,            "field": "homeNumber",            "description": ""          }        ]      }    },    "header": {      "fields": {        "Header": [          {            "group": "Header",            "type": "String",            "optional": false,            "field": "Token",            "description": "<p>Jika Sign In berhasil, maka akan dibuatkan token yang akan disimpan di header response. Token ini digunakan sebagai authentication key untuk mengakses beberapa api.</p>"          }        ]      },      "examples": [        {          "title": "Contoh Response Header",          "content": "{\n    \"Token\" : \"B3CDB813C735BF6D93ED713E1E94D351EF43213A382EB43C64A677F7D43BB0FC\"\n}",          "type": "json"        }      ]    },    "examples": [      {        "title": "Request",        "content": "{\n    'cardNumber': '888123123'\n    'password': 'katasandi'\n}",        "type": "json"      },      {        "title": "Response Berhasil Sign In",        "content": "{\n     data: {\n         \"fullName\" : \"Budi\",\n         \"email\" : \"budi@mail.com\",\n         \"mobileNumber: \"08123131313\",\n         \"gender\" : 1,\n         \"martialStatus\" : 1,\n         \"dateOfBirth\" : \"1920-01-31\",\n         \"nationality\" : 1,\n         \"address\" : \"Jl. Jendral Sudirman No 16 Kota Bogor\",\n         \"city\" : 2,\n         \"zipCode\" : 16911,\n         \"homeNumber\" : \"(0251) 7571231\"\n     },\n     message: null\n}",        "type": "json"      },      {        "title": "Response Gagal Sign In",        "content": "{\n     data: \"\",\n     message: \"Card number or password is invalid\"\n}",        "type": "json"      }    ],    "version": "0.0.0",    "filename": "java/id/co/icg/lw/controllers/api/UserApiController.java",    "groupTitle": "User"  },  {    "type": "post",    "url": "/user/sign-up",    "title": "Sign Up",    "name": "Sign_Up",    "group": "User",    "permission": [      {        "name": "none"      }    ],    "description": "<p>Daftar untuk bergabung dengan program Living World</p>",    "parameter": {      "fields": {        "Parameter": [          {            "group": "Parameter",            "type": "String",            "optional": false,            "field": "cardNumber",            "description": ""          },          {            "group": "Parameter",            "type": "String",            "optional": false,            "field": "password",            "description": ""          }        ]      }    },    "success": {      "fields": {        "Success 200": [          {            "group": "Success 200",            "type": "String",            "optional": false,            "field": "fullName",            "description": ""          },          {            "group": "Success 200",            "type": "String",            "optional": false,            "field": "email",            "description": ""          },          {            "group": "Success 200",            "type": "String",            "optional": false,            "field": "mobileNumber",            "description": ""          },          {            "group": "Success 200",            "type": "Date",            "optional": false,            "field": "dateOfBirth",            "description": "<p>YYYY-MM-DD</p>"          }        ]      }    },    "header": {      "fields": {        "Header": [          {            "group": "Header",            "type": "String",            "optional": false,            "field": "Token",            "description": "<p>Jika Sign In berhasil, maka akan dibuatkan token yang akan disimpan di header response. Token ini digunakan sebagai authentication key untuk mengakses beberapa api.</p>"          }        ]      },      "examples": [        {          "title": "Contoh Response Header",          "content": "{\n    \"Token\" : \"B3CDB813C735BF6D93ED713E1E94D351EF43213A382EB43C64A677F7D43BB0FC\"\n}",          "type": "json"        }      ]    },    "examples": [      {        "title": "Request",        "content": "{\n    'cardNumber': '888123123'\n    'password': 'katasandi'\n}",        "type": "body"      },      {        "title": "Response Berhasil Sign In",        "content": "{\n     data: {\n         \"fullName\" : \"Budi\",\n         \"email\" : \"budi@mail.com\",\n         \"mobileNumber: \"08123131313\",\n         \"dateOfBirth\" : \"1920-01-31\"\n     },\n     message: null\n}",        "type": "json"      },      {        "title": "Response Gagal Sign In",        "content": "{\n     data: \"\",\n     message: \"Card number or password is invalid\"\n}",        "type": "json"      }    ],    "version": "0.0.0",    "filename": "java/id/co/icg/lw/controllers/api/UserApiController.java",    "groupTitle": "User"  }]
